Município;Código do Município;Total_Matriculas_EPT
    ; ;4310112
 Abadia dos Dourados  ;3100104;985
 Abaeté  ;3100203;4128
 Abre Campo  ;3100302;2390
 Acaiaca  ;3100401;897
 Açucena  ;3100500;1485
 Água Boa  ;3100609;2973
 Água Comprida  ;3100708;402
 Aguanil  ;3100807;874
 Águas Formosas  ;3100906;4023
 Águas Vermelhas  ;3101003;2969
 Aimorés  ;3101102;4873
 Aiuruoca  ;3101201;915
 Alagoa  ;3101300;474
 Albertina  ;3101409;619
 Além Paraíba  ;3101508;6978
 Alfenas  ;3101607;16505
 Alfredo Vasconcelos  ;3101631;1211
 Almenara  ;3101706;8993
 Alpercata  ;3101805;1309
 Alpinópolis  ;3101904;3794
 Alterosa  ;3102001;2549
 Alto Caparaó  ;3102050;1282
 Alto Jequitibá  ;3153509;1393
 Alto Rio Doce  ;3102100;1835
 Alvarenga  ;3102209;895
 Alvinópolis  ;3102308;2630
 Alvorada de Minas  ;3102407;970
 Amparo do Serra  ;3102506;794
 Andradas  ;3102605;6972
 Andrelândia  ;3102803;1966
 Angelândia  ;3102852;1815
 Antônio Carlos  ;3102902;1955
 Antônio Dias  ;3103009;1714
 Antônio Prado de Minas  ;3103108;320
 Araçaí  ;3103207;437
 Aracitaba  ;3103306;265
 Araçuaí  ;3103405;8246
 Araguari  ;3103504;23114
 Arantina  ;3103603;560
 Araponga  ;3103702;1335
 Araporã  ;3103751;1924
 Arapuá  ;3103801;469
 Araújos  ;3103900;1865
 Araxá  ;3104007;26318
 Arceburgo  ;3104106;1797
 Arcos  ;3104205;8892
 Areado  ;3104304;2796
 Argirita  ;3104403;482
 Aricanduva  ;3104452;1174
 Arinos  ;3104502;4836
 Astolfo Dutra  ;3104601;2123
 Ataléia  ;3104700;2221
 Augusto de Lima  ;3104809;856
 Baependi  ;3104908;3119
 Baldim  ;3105004;1354
 Bambuí  ;3105103;4417
 Bandeira  ;3105202;767
 Bandeira do Sul  ;3105301;1301
 Barão de Cocais  ;3105400;7571
 Barão de Monte Alto  ;3105509;947
 Barbacena  ;3105608;29814
 Barra Longa  ;3105707;881
 Barroso  ;3105905;4092
 Bela Vista de Minas  ;3106002;1887
 Belmiro Braga  ;3106101;674
 Belo Horizonte  ;3106200;497457
 Belo Oriente  ;3106309;5207
 Belo Vale  ;3106408;1475
 Berilo  ;3106507;1805
 Berizal  ;3106655;1034
 Bertópolis  ;3106606;1485
 Betim  ;3106705;96373
 Bias Fortes  ;3106804;480
 Bicas  ;3106903;2721
 Biquinhas  ;3107000;391
 Boa Esperança  ;3107109;8787
 Bocaina de Minas  ;3107208;551
 Bocaiúva  ;3107307;11961
 Bom Despacho  ;3107406;10416
 Bom Jardim de Minas  ;3107505;1351
 Bom Jesus da Penha  ;3107604;895
 Bom Jesus do Amparo  ;3107703;1225
 Bom Jesus do Galho  ;3107802;2335
 Bom Repouso  ;3107901;2490
 Bom Sucesso  ;3108008;2938
 Bonfim  ;3108107;1016
 Bonfinópolis de Minas  ;3108206;1739
 Bonito de Minas  ;3108255;2253
 Borda da Mata  ;3108305;2797
 Botelhos  ;3108404;2668
 Botumirim  ;3108503;1361
 Brás Pires  ;3108701;740
 Brasilândia de Minas  ;3108552;3981
 Brasília de Minas  ;3108602;8497
 Braúnas  ;3108800;669
 Brazópolis  ;3108909;2695
 Brumadinho  ;3109006;7917
 Bueno Brandão  ;3109105;1488
 Buenópolis  ;3109204;1782
 Bugre  ;3109253;573
 Buritis  ;3109303;5803
 Buritizeiro  ;3109402;5558
 Cabeceira Grande  ;3109451;1498
 Cabo Verde  ;3109501;1961
 Cachoeira da Prata  ;3109600;671
 Cachoeira de Minas  ;3109709;2077
 Cachoeira de Pajeú  ;3102704;1535
 Cachoeira Dourada  ;3109808;475
 Caetanópolis  ;3109907;2094
 Caeté  ;3110004;8039
 Caiana  ;3110103;853
 Cajuri  ;3110202;813
 Caldas  ;3110301;2486
 Camacho  ;3110400;499
 Camanducaia  ;3110509;5602
 Cambuí  ;3110608;5556
 Cambuquira  ;3110707;2230
 Campanário  ;3110806;704
 Campanha  ;3110905;3454
 Campestre  ;3111002;3388
 Campina Verde  ;3111101;3479
 Campo Azul  ;3111150;814
 Campo Belo  ;3111200;10170
 Campo do Meio  ;3111309;2200
 Campo Florido  ;3111408;2087
 Campos Altos  ;3111507;2716
 Campos Gerais  ;3111606;5132
 Cana Verde  ;3111903;899
 Canaã  ;3111705;819
 Canápolis  ;3111804;2060
 Candeias  ;3112000;2143
 Cantagalo  ;3112059;916
 Caparaó  ;3112109;1070
 Capela Nova  ;3112208;665
 Capelinha  ;3112307;9394
 Capetinga  ;3112406;1178
 Capim Branco  ;3112505;1750
 Capinópolis  ;3112604;2986
 Capitão Andrade  ;3112653;989
 Capitão Enéas  ;3112703;3293
 Capitólio  ;3112802;1935
 Caputira  ;3112901;1846
 Caraí  ;3113008;4346
 Caranaíba  ;3113107;449
 Carandaí  ;3113206;4372
 Carangola  ;3113305;6498
 Caratinga  ;3113404;18395
 Carbonita  ;3113503;1848
 Careaçu  ;3113602;1245
 Carlos Chagas  ;3113701;3478
 Carmésia  ;3113800;694
 Carmo da Cachoeira  ;3113909;2377
 Carmo da Mata  ;3114006;1761
 Carmo de Minas  ;3114105;3195
 Carmo do Cajuru  ;3114204;4532
 Carmo do Paranaíba  ;3114303;5228
 Carmo do Rio Claro  ;3114402;3836
 Carmópolis de Minas  ;3114501;3464
 Carneirinho  ;3114550;1756
 Carrancas  ;3114600;789
 Carvalhópolis  ;3114709;662
 Carvalhos  ;3114808;723
 Casa Grande  ;3114907;335
 Cascalho Rico  ;3115003;531
 Cássia  ;3115102;3544
 Cataguases  ;3115300;13164
 Catas Altas  ;3115359;1104
 Catas Altas da Noruega  ;3115409;648
 Catuji  ;3115458;1992
 Catuti  ;3115474;990
 Caxambu  ;3115508;4135
 Cedro do Abaeté  ;3115607;195
 Central de Minas  ;3115706;1097
 Centralina  ;3115805;1808
 Chácara  ;3115904;717
 Chalé  ;3116001;1460
 Chapada do Norte  ;3116100;2076
 Chapada Gaúcha  ;3116159;3208
 Chiador  ;3116209;579
 Cipotânea  ;3116308;942
 Claraval  ;3116407;901
 Claro dos Poções  ;3116506;1331
 Cláudio  ;3116605;6399
 Coimbra  ;3116704;1385
 Coluna  ;3116803;1539
 Comendador Gomes  ;3116902;637
 Comercinho  ;3117009;1299
 Conceição da Aparecida  ;3117108;1846
 Conceição da Barra de Minas  ;3115201;559
 Conceição das Alagoas  ;3117306;6160
 Conceição das Pedras  ;3117207;427
 Conceição de Ipanema  ;3117405;789
 Conceição do Mato Dentro  ;3117504;5813
 Conceição do Pará  ;3117603;990
 Conceição do Rio Verde  ;3117702;2656
 Conceição dos Ouros  ;3117801;2038
 Cônego Marinho  ;3117836;1545
 Confins  ;3117876;1380
 Congonhal  ;3117900;2056
 Congonhas  ;3118007;12441
 Congonhas do Norte  ;3118106;860
 Conquista  ;3118205;1259
 Conselheiro Lafaiete  ;3118304;29174
 Conselheiro Pena  ;3118403;4028
 Consolação  ;3118502;288
 Contagem  ;3118601;122532
 Coqueiral  ;3118700;1572
 Coração de Jesus  ;3118809;5951
 Cordisburgo  ;3118908;1194
 Cordislândia  ;3119005;601
 Corinto  ;3119104;4772
 Coroaci  ;3119203;1646
 Coromandel  ;3119302;5751
 Coronel Fabriciano  ;3119401;20680
 Coronel Murta  ;3119500;1647
 Coronel Pacheco  ;3119609;487
 Coronel Xavier Chaves  ;3119708;615
 Córrego Danta  ;3119807;400
 Córrego do Bom Jesus  ;3119906;872
 Córrego Fundo  ;3119955;996
 Córrego Novo  ;3120003;649
 Couto de Magalhães de Minas  ;3120102;988
 Crisólita  ;3120151;1134
 Cristais  ;3120201;2217
 Cristália  ;3120300;1262
 Cristiano Otoni  ;3120409;886
 Cristina  ;3120508;1674
 Crucilândia  ;3120607;909
 Cruzeiro da Fortaleza  ;3120706;1104
 Cruzília  ;3120805;2815
 Cuparaque  ;3120839;842
 Curral de Dentro  ;3120870;1838
 Curvelo  ;3120904;17103
 Datas  ;3121001;1401
 Delfim Moreira  ;3121100;1395
 Delfinópolis  ;3121209;1633
 Delta  ;3121258;2418
 Descoberto  ;3121308;903
 Desterro de Entre Rios  ;3121407;1250
 Desterro do Melo  ;3121506;552
 Diamantina  ;3121605;11365
 Diogo de Vasconcelos  ;3121704;677
 Dionísio  ;3121803;996
 Divinésia  ;3121902;928
 Divino  ;3122009;4154
 Divino das Laranjeiras  ;3122108;810
 Divinolândia de Minas  ;3122207;1514
 Divinópolis  ;3122306;45356
 Divisa Alegre  ;3122355;1619
 Divisa Nova  ;3122405;1207
 Divisópolis  ;3122454;1717
 Dom Bosco  ;3122470;732
 Dom Cavati  ;3122504;856
 Dom Joaquim  ;3122603;1087
 Dom Silvério  ;3122702;847
 Dom Viçoso  ;3122801;490
 Dona Euzébia  ;3122900;1113
 Dores de Campos  ;3123007;1683
 Dores de Guanhães  ;3123106;1103
 Dores do Indaiá  ;3123205;1933
 Dores do Turvo  ;3123304;833
 Doresópolis  ;3123403;261
 Douradoquara  ;3123502;275
 Durandé  ;3123528;1433
 Elói Mendes  ;3123601;5085
 Engenheiro Caldas  ;3123700;1905
 Engenheiro Navarro  ;3123809;1272
 Entre Folhas  ;3123858;1105
 Entre Rios de Minas  ;3123908;2879
 Ervália  ;3124005;4373
 Esmeraldas  ;3124104;15880
 Espera Feliz  ;3124203;5603
 Espinosa  ;3124302;6491
 Espírito Santo do Dourado  ;3124401;1344
 Estiva  ;3124500;1907
 Estrela Dalva  ;3124609;433
 Estrela do Indaiá  ;3124708;389
 Estrela do Sul  ;3124807;1200
 Eugenópolis  ;3124906;1821
 Ewbank da Câmara  ;3125002;993
 Extrema  ;3125101;13653
 Fama  ;3125200;470
 Faria Lemos  ;3125309;681
 Felício dos Santos  ;3125408;1219
 Felisburgo  ;3125606;1519
 Felixlândia  ;3125705;2653
 Fernandes Tourinho  ;3125804;464
 Ferros  ;3125903;1789
 Fervedouro  ;3125952;2233
 Florestal  ;3126000;2558
 Formiga  ;3126109;11977
 Formoso  ;3126208;1781
 Fortaleza de Minas  ;3126307;538
 Fortuna de Minas  ;3126406;615
 Francisco Badaró  ;3126505;1167
 Francisco Dumont  ;3126604;973
 Francisco Sá  ;3126703;4438
 Franciscópolis  ;3126752;857
 Frei Gaspar  ;3126802;1206
 Frei Inocêncio  ;3126901;1689
 Frei Lagonegro  ;3126950;750
 Fronteira  ;3127008;3001
 Fronteira dos Vales  ;3127057;856
 Fruta de Leite  ;3127073;1026
 Frutal  ;3127107;11629
 Funilândia  ;3127206;1086
 Galiléia  ;3127305;1231
 Gameleiras  ;3127339;1171
 Glaucilândia  ;3127354;578
 Goiabeira  ;3127370;657
 Goianá  ;3127388;739
 Gonçalves  ;3127404;713
 Gonzaga  ;3127503;1083
 Gouveia  ;3127602;2172
 Governador Valadares  ;3127701;54678
 Grão Mogol  ;3127800;2766
 Grupiara  ;3127909;295
 Guanhães  ;3128006;7135
 Guapé  ;3128105;2541
 Guaraciaba  ;3128204;1429
 Guaraciama  ;3128253;1024
 Guaranésia  ;3128303;3539
 Guarani  ;3128402;1479
 Guarará  ;3128501;796
 Guarda-Mor  ;3128600;1410
 Guaxupé  ;3128709;10061
 Guidoval  ;3128808;1205
 Guimarânia  ;3128907;1645
 Guiricema  ;3129004;1056
 Gurinhatã  ;3129103;797
 Heliodora  ;3129202;1118
 Iapu  ;3129301;1675
 Ibertioga  ;3129400;972
 Ibiá  ;3129509;4340
 Ibiaí  ;3129608;1543
 Ibiracatu  ;3129657;1218
 Ibiraci  ;3129707;2426
 Ibirité  ;3129806;36856
 Ibitiúra de Minas  ;3129905;617
 Ibituruna  ;3130002;451
 Icaraí de Minas  ;3130051;2262
 Igarapé  ;3130101;11171
 Igaratinga  ;3130200;1973
 Iguatama  ;3130309;1080
 Ijaci  ;3130408;1212
 Ilicínea  ;3130507;2338
 Imbé de Minas  ;3130556;1265
 Inconfidentes  ;3130606;2522
 Indaiabira  ;3130655;1391
 Indianópolis  ;3130705;1367
 Ingaí  ;3130804;497
 Inhapim  ;3130903;3734
 Inhaúma  ;3131000;1242
 Inimutaba  ;3131109;1251
 Ipaba  ;3131158;3424
 Ipanema  ;3131208;3910
 Ipatinga  ;3131307;52342
 Ipiaçu  ;3131406;775
 Ipuiúna  ;3131505;1584
 Iraí de Minas  ;3131604;1639
 Itabira  ;3131703;27925
 Itabirinha  ;3131802;1937
 Itabirito  ;3131901;13463
 Itacambira  ;3132008;720
 Itacarambi  ;3132107;4017
 Itaguara  ;3132206;2601
 Itaipé  ;3132305;2733
 Itajubá  ;3132404;19069
 Itamarandiba  ;3132503;8288
 Itamarati de Minas  ;3132602;789
 Itambacuri  ;3132701;4672
 Itambé do Mato Dentro  ;3132800;343
 Itamogi  ;3132909;2024
 Itamonte  ;3133006;3147
 Itanhandu  ;3133105;3130
 Itanhomi  ;3133204;2152
 Itaobim  ;3133303;4426
 Itapagipe  ;3133402;2168
 Itapecerica  ;3133501;3197
 Itapeva  ;3133600;2632
 Itatiaiuçu  ;3133709;2981
 Itaú de Minas  ;3133758;2437
 Itaúna  ;3133808;17838
 Itaverava  ;3133907;907
 Itinga  ;3134004;2543
 Itueta  ;3134103;1101
 Ituiutaba  ;3134202;22194
 Itumirim  ;3134301;1018
 Iturama  ;3134400;8565
 Itutinga  ;3134509;728
 Jaboticatubas  ;3134608;3616
 Jacinto  ;3134707;2216
 Jacuí  ;3134806;1384
 Jacutinga  ;3134905;5815
 Jaguaraçu  ;3135001;493
 Jaíba  ;3135050;9520
 Jampruca  ;3135076;853
 Janaúba  ;3135100;16984
 Januária  ;3135209;16404
 Japaraíba  ;3135308;1009
 Japonvar  ;3135357;1723
 Jeceaba  ;3135407;1117
 Jenipapo de Minas  ;3135456;1348
 Jequeri  ;3135506;2557
 Jequitaí  ;3135605;1422
 Jequitibá  ;3135704;977
 Jequitinhonha  ;3135803;5090
 Jesuânia  ;3135902;847
 Joaíma  ;3136009;3055
 Joanésia  ;3136108;613
 João Monlevade  ;3136207;15632
 João Pinheiro  ;3136306;10847
 Joaquim Felício  ;3136405;839
 Jordânia  ;3136504;1870
 José Gonçalves de Minas  ;3136520;826
 José Raydan  ;3136553;893
 Josenópolis  ;3136579;853
 Juatuba  ;3136652;6628
 Juiz de Fora  ;3136702;110340
 Juramento  ;3136801;706
 Juruaia  ;3136900;2143
 Juvenília  ;3136959;1324
 Ladainha  ;3137007;3006
 Lagamar  ;3137106;1320
 Lagoa da Prata  ;3137205;10054
 Lagoa dos Patos  ;3137304;750
 Lagoa Dourada  ;3137403;2414
 Lagoa Formosa  ;3137502;3295
 Lagoa Grande  ;3137536;1830
 Lagoa Santa  ;3137601;14652
 Lajinha  ;3137700;4223
 Lambari  ;3137809;3808
 Lamim  ;3137908;631
 Laranjal  ;3138005;978
 Lassance  ;3138104;1388
 Lavras  ;3138203;20738
 Leandro Ferreira  ;3138302;629
 Leme do Prado  ;3138351;976
 Leopoldina  ;3138401;10726
 Liberdade  ;3138500;842
 Lima Duarte  ;3138609;3479
 Limeira do Oeste  ;3138625;1803
 Lontra  ;3138658;2022
 Luisburgo  ;3138674;1463
 Luislândia  ;3138682;1421
 Luminárias  ;3138708;1010
 Luz  ;3138807;3174
 Machacalis  ;3138906;1445
 Machado  ;3139003;8604
 Madre de Deus de Minas  ;3139102;1008
 Malacacheta  ;3139201;3746
 Mamonas  ;3139250;1065
 Manga  ;3139300;4537
 Manhuaçu  ;3139409;21596
 Manhumirim  ;3139508;4675
 Mantena  ;3139607;5660
 Mar de Espanha  ;3139805;2483
 Maravilhas  ;3139706;1393
 Maria da Fé  ;3139904;3171
 Mariana  ;3140001;14379
 Marilac  ;3140100;958
 Mário Campos  ;3140159;3326
 Maripá de Minas  ;3140209;626
 Marliéria  ;3140308;874
 Marmelópolis  ;3140407;545
 Martinho Campos  ;3140506;2704
 Martins Soares  ;3140530;1643
 Mata Verde  ;3140555;1792
 Materlândia  ;3140605;873
 Mateus Leme  ;3140704;8099
 Mathias Lobato  ;3171501;805
 Matias Barbosa  ;3140803;2423
 Matias Cardoso  ;3140852;2384
 Matipó  ;3140902;5449
 Mato Verde  ;3141009;3405
 Matozinhos  ;3141108;7376
 Matutina  ;3141207;659
 Medeiros  ;3141306;745
 Medina  ;3141405;4375
 Mendes Pimentel  ;3141504;1028
 Mercês  ;3141603;1638
 Mesquita  ;3141702;988
 Minas Novas  ;3141801;5276
 Minduri  ;3141900;699
 Mirabela  ;3142007;2556
 Miradouro  ;3142106;1468
 Miraí  ;3142205;2277
 Miravânia  ;3142254;983
 Moeda  ;3142304;1006
 Moema  ;3142403;1437
 Monjolos  ;3142502;415
 Monsenhor Paulo  ;3142601;1649
 Montalvânia  ;3142700;3193
 Monte Alegre de Minas  ;3142809;4130
 Monte Azul  ;3142908;3670
 Monte Belo  ;3143005;2217
 Monte Carmelo  ;3143104;9540
 Monte Formoso  ;3143153;974
 Monte Santo de Minas  ;3143203;3783
 Monte Sião  ;3143401;4759
 Montes Claros  ;3143302;91490
 Montezuma  ;3143450;1467
 Morada Nova de Minas  ;3143500;1856
 Morro da Garça  ;3143609;494
 Morro do Pilar  ;3143708;613
 Munhoz  ;3143807;1426
 Muriaé  ;3143906;22126
 Mutum  ;3144003;4778
 Muzambinho  ;3144102;6466
 Nacip Raydan  ;3144201;463
 Nanuque  ;3144300;7255
 Naque  ;3144359;1615
 Natalândia  ;3144375;1603
 Natércia  ;3144409;717
 Nazareno  ;3144508;1779
 Nepomuceno  ;3144607;5053
 Ninheira  ;3144656;1755
 Nova Belém  ;3144672;803
 Nova Era  ;3144706;3945
 Nova Lima  ;3144805;23536
 Nova Módica  ;3144904;755
 Nova Ponte  ;3145000;3281
 Nova Porteirinha  ;3145059;1289
 Nova Resende  ;3145109;3253
 Nova Serrana  ;3145208;26529
 Nova União  ;3136603;1262
 Novo Cruzeiro  ;3145307;6311
 Novo Oriente de Minas  ;3145356;2195
 Novorizonte  ;3145372;978
 Olaria  ;3145406;341
 Olhos-d'Água  ;3145455;1278
 Olímpio Noronha  ;3145505;446
 Oliveira  ;3145604;7084
 Oliveira Fortes  ;3145703;300
 Onça de Pitangui  ;3145802;484
 Oratórios  ;3145851;1012
 Orizânia  ;3145877;1752
 Ouro Branco  ;3145901;9696
 Ouro Fino  ;3146008;6356
 Ouro Preto  ;3146107;16544
 Ouro Verde de Minas  ;3146206;1547
 Padre Carvalho  ;3146255;1103
 Padre Paraíso  ;3146305;4102
 Pai Pedro  ;3146552;1302
 Paineiras  ;3146404;667
 Pains  ;3146503;1315
 Paiva  ;3146602;229
 Palma  ;3146701;873
 Palmópolis  ;3146750;1170
 Papagaios  ;3146909;2964
 Pará de Minas  ;3147105;19908
 Paracatu  ;3147006;25007
 Paraguaçu  ;3147204;4024
 Paraisópolis  ;3147303;3944
 Paraopeba  ;3147402;4723
 Passa Quatro  ;3147600;2967
 Passa Tempo  ;3147709;1285
 Passa Vinte  ;3147808;383
 Passabém  ;3147501;361
 Passos  ;3147907;24036
 Patis  ;3147956;1107
 Patos de Minas  ;3148004;33610
 Patrocínio  ;3148103;21327
 Patrocínio do Muriaé  ;3148202;850
 Paula Cândido  ;3148301;1388
 Paulistas  ;3148400;946
 Pavão  ;3148509;1360
 Peçanha  ;3148608;2783
 Pedra Azul  ;3148707;5446
 Pedra Bonita  ;3148756;1585
 Pedra do Anta  ;3148806;534
 Pedra do Indaiá  ;3148905;650
 Pedra Dourada  ;3149002;566
 Pedralva  ;3149101;1776
 Pedras de Maria da Cruz  ;3149150;2150
 Pedrinópolis  ;3149200;701
 Pedro Leopoldo  ;3149309;12624
 Pedro Teixeira  ;3149408;291
 Pequeri  ;3149507;688
 Pequi  ;3149606;803
 Perdigão  ;3149705;2780
 Perdizes  ;3149804;3848
 Perdões  ;3149903;3974
 Periquito  ;3149952;1703
 Pescador  ;3150000;668
 Piau  ;3150109;469
 Piedade de Caratinga  ;3150158;1887
 Piedade de Ponte Nova  ;3150208;847
 Piedade do Rio Grande  ;3150307;729
 Piedade dos Gerais  ;3150406;791
 Pimenta  ;3150505;1327
 Pingo-d'Água  ;3150539;1058
 Pintópolis  ;3150570;1725
 Piracema  ;3150604;1108
 Pirajuba  ;3150703;1416
 Piranga  ;3150802;2535
 Piranguçu  ;3150901;1057
 Piranguinho  ;3151008;1728
 Pirapetinga  ;3151107;2143
 Pirapora  ;3151206;13720
 Piraúba  ;3151305;2115
 Pitangui  ;3151404;5229
 Piumhi  ;3151503;7023
 Planura  ;3151602;2354
 Poço Fundo  ;3151701;2504
 Poços de Caldas  ;3151800;33305
 Pocrane  ;3151909;1389
 Pompéu  ;3152006;6897
 Ponte Nova  ;3152105;13351
 Ponto Chique  ;3152131;915
 Ponto dos Volantes  ;3152170;2516
 Porteirinha  ;3152204;7803
 Porto Firme  ;3152303;1606
 Poté  ;3152402;2664
 Pouso Alegre  ;3152501;39474
 Pouso Alto  ;3152600;1010
 Prados  ;3152709;1491
 Prata  ;3152808;5953
 Pratápolis  ;3152907;1336
 Pratinha  ;3153004;735
 Presidente Bernardes  ;3153103;799
 Presidente Juscelino  ;3153202;628
 Presidente Kubitschek  ;3153301;876
 Presidente Olegário  ;3153400;3305
 Prudente de Morais  ;3153608;2276
 Quartel Geral  ;3153707;587
 Queluzito  ;3153806;275
 Raposos  ;3153905;2828
 Raul Soares  ;3154002;4396
 Recreio  ;3154101;1511
 Reduto  ;3154150;1656
 Resende Costa  ;3154200;1916
 Resplendor  ;3154309;3068
 Ressaquinha  ;3154408;811
 Riachinho  ;3154457;1483
 Riacho dos Machados  ;3154507;1712
 Ribeirão das Neves  ;3154606;69739
 Ribeirão Vermelho  ;3154705;739
 Rio Acima  ;3154804;1921
 Rio Casca  ;3154903;2574
 Rio do Prado  ;3155108;972
 Rio Doce  ;3155009;490
 Rio Espera  ;3155207;672
 Rio Manso  ;3155306;830
 Rio Novo  ;3155405;1341
 Rio Paranaíba  ;3155504;2833
 Rio Pardo de Minas  ;3155603;5514
 Rio Piracicaba  ;3155702;2741
 Rio Pomba  ;3155801;3669
 Rio Preto  ;3155900;668
 Rio Vermelho  ;3156007;2412
 Ritápolis  ;3156106;762
 Rochedo de Minas  ;3156205;469
 Rodeiro  ;3156304;1777
 Romaria  ;3156403;629
 Rosário da Limeira  ;3156452;925
 Rubelita  ;3156502;1172
 Rubim  ;3156601;1761
 Sabará  ;3156700;23460
 Sabinópolis  ;3156809;3259
 Sacramento  ;3156908;6011
 Salinas  ;3157005;8382
 Salto da Divisa  ;3157104;1434
 Santa Bárbara  ;3157203;6199
 Santa Bárbara do Leste  ;3157252;1538
 Santa Bárbara do Monte Verde  ;3157278;671
 Santa Bárbara do Tugúrio  ;3157302;804
 Santa Cruz de Minas  ;3157336;973
 Santa Cruz de Salinas  ;3157377;812
 Santa Cruz do Escalvado  ;3157401;627
 Santa Efigênia de Minas  ;3157500;789
 Santa Fé de Minas  ;3157609;709
 Santa Helena de Minas  ;3157658;1555
 Santa Juliana  ;3157708;3400
 Santa Luzia  ;3157807;46714
 Santa Margarida  ;3157906;3451
 Santa Maria de Itabira  ;3158003;2146
 Santa Maria do Salto  ;3158102;930
 Santa Maria do Suaçuí  ;3158201;2941
 Santa Rita de Caldas  ;3159209;1234
 Santa Rita de Ibitipoca  ;3159407;588
 Santa Rita de Jacutinga  ;3159308;912
 Santa Rita de Minas  ;3159357;1227
 Santa Rita do Itueto  ;3159506;1276
 Santa Rita do Sapucaí  ;3159605;9734
 Santa Rosa da Serra  ;3159704;722
 Santa Vitória  ;3159803;4006
 Santana da Vargem  ;3158300;1327
 Santana de Cataguases  ;3158409;606
 Santana de Pirapama  ;3158508;1078
 Santana do Deserto  ;3158607;744
 Santana do Garambéu  ;3158706;386
 Santana do Jacaré  ;3158805;727
 Santana do Manhuaçu  ;3158904;1748
 Santana do Paraíso  ;3158953;5982
 Santana do Riacho  ;3159001;1045
 Santana dos Montes  ;3159100;572
 Santo Antônio do Amparo  ;3159902;3394
 Santo Antônio do Aventureiro  ;3160009;668
 Santo Antônio do Grama  ;3160108;913
 Santo Antônio do Itambé  ;3160207;816
 Santo Antônio do Jacinto  ;3160306;2238
 Santo Antônio do Monte  ;3160405;5364
 Santo Antônio do Retiro  ;3160454;1432
 Santo Antônio do Rio Abaixo  ;3160504;358
 Santo Hipólito  ;3160603;487
 Santos Dumont  ;3160702;8622
 São Bento Abade  ;3160801;1087
 São Brás do Suaçuí  ;3160900;846
 São Domingos das Dores  ;3160959;1404
 São Domingos do Prata  ;3161007;2935
 São Félix de Minas  ;3161056;755
 São Francisco  ;3161106;12776
 São Francisco de Paula  ;3161205;1098
 São Francisco de Sales  ;3161304;1227
 São Francisco do Glória  ;3161403;805
 São Geraldo  ;3161502;1772
 São Geraldo da Piedade  ;3161601;680
 São Geraldo do Baixio  ;3161650;688
 São Gonçalo do Abaeté  ;3161700;1109
 São Gonçalo do Pará  ;3161809;2376
 São Gonçalo do Rio Abaixo  ;3161908;2956
 São Gonçalo do Rio Preto  ;3125507;598
 São Gonçalo do Sapucaí  ;3162005;5009
 São Gotardo  ;3162104;9878
 São João Batista do Glória  ;3162203;1338
 São João da Lagoa  ;3162252;989
 São João da Mata  ;3162302;522
 São João da Ponte  ;3162401;4607
 São João das Missões  ;3162450;4109
 São João del Rei  ;3162500;19005
 São João do Manhuaçu  ;3162559;2744
 São João do Manteninha  ;3162575;1005
 São João do Oriente  ;3162609;1417
 São João do Pacuí  ;3162658;820
 São João do Paraíso  ;3162708;4131
 São João Evangelista  ;3162807;4121
 São João Nepomuceno  ;3162906;5183
 São Joaquim de Bicas  ;3162922;7707
 São José da Barra  ;3162948;1414
 São José da Lapa  ;3162955;6217
 São José da Safira  ;3163003;818
 São José da Varginha  ;3163102;828
 São José do Alegre  ;3163201;830
 São José do Divino  ;3163300;765
 São José do Goiabal  ;3163409;996
 São José do Jacuri  ;3163508;1265
 São José do Mantimento  ;3163607;667
 São Lourenço  ;3163706;9014
 São Miguel do Anta  ;3163805;1116
 São Pedro da União  ;3163904;920
 São Pedro do Suaçuí  ;3164100;1025
 São Pedro dos Ferros  ;3164001;1349
 São Romão  ;3164209;1674
 São Roque de Minas  ;3164308;1338
 São Sebastião da Bela Vista  ;3164407;1439
 São Sebastião da Vargem Alegre  ;3164431;713
 São Sebastião do Anta  ;3164472;1341
 São Sebastião do Maranhão  ;3164506;1769
 São Sebastião do Oeste  ;3164605;1924
 São Sebastião do Paraíso  ;3164704;14764
 São Sebastião do Rio Preto  ;3164803;261
 São Sebastião do Rio Verde  ;3164902;445
 São Tiago  ;3165008;2126
 São Tomás de Aquino  ;3165107;1497
 São Tomé das Letras  ;3165206;1202
 São Vicente de Minas  ;3165305;1207
 Sapucaí-Mirim  ;3165404;1279
 Sardoá  ;3165503;1045
 Sarzedo  ;3165537;8317
 Sem-Peixe  ;3165560;416
 Senador Amaral  ;3165578;1704
 Senador Cortes  ;3165602;528
 Senador Firmino  ;3165701;1518
 Senador José Bento  ;3165800;249
 Senador Modestino Gonçalves  ;3165909;773
 Senhora de Oliveira  ;3166006;961
 Senhora do Porto  ;3166105;604
 Senhora dos Remédios  ;3166204;1427
 Sericita  ;3166303;1455
 Seritinga  ;3166402;334
 Serra Azul de Minas  ;3166501;1064
 Serra da Saudade  ;3166600;98
 Serra do Salitre  ;3166808;3164
 Serra dos Aimorés  ;3166709;1745
 Serrania  ;3166907;1499
 Serranópolis de Minas  ;3166956;836
 Serranos  ;3167004;309
 Serro  ;3167103;4999
 Sete Lagoas  ;3167202;46266
 Setubinha  ;3165552;2746
 Silveirânia  ;3167301;455
 Silvianópolis  ;3167400;1001
 Simão Pereira  ;3167509;485
 Simonésia  ;3167608;4215
 Sobrália  ;3167707;957
 Soledade de Minas  ;3167806;935
 Tabuleiro  ;3167905;627
 Taiobeiras  ;3168002;7327
 Taparuba  ;3168051;644
 Tapira  ;3168101;1044
 Tapiraí  ;3168200;275
 Taquaraçu de Minas  ;3168309;911
 Tarumirim  ;3168408;2182
 Teixeiras  ;3168507;2071
 Teófilo Otoni  ;3168606;31822
 Timóteo  ;3168705;16561
 Tiradentes  ;3168804;1159
 Tiros  ;3168903;1401
 Tocantins  ;3169000;2708
 Tocos do Moji  ;3169059;624
 Toledo  ;3169109;1597
 Tombos  ;3169208;1679
 Três Corações  ;3169307;15693
 Três Marias  ;3169356;6438
 Três Pontas  ;3169406;11205
 Tumiritinga  ;3169505;1307
 Tupaciguara  ;3169604;5370
 Turmalina  ;3169703;4746
 Turvolândia  ;3169802;1086
 Ubá  ;3169901;22221
 Ubaí  ;3170008;2753
 Ubaporanga  ;3170057;2594
 Uberaba  ;3170107;71338
 Uberlândia  ;3170206;156832
 Umburatiba  ;3170305;555
 Unaí  ;3170404;19353
 União de Minas  ;3170438;694
 Uruana de Minas  ;3170479;720
 Urucânia  ;3170503;1872
 Urucuia  ;3170529;1921
 Vargem Alegre  ;3170578;1089
 Vargem Bonita  ;3170602;453
 Vargem Grande do Rio Pardo  ;3170651;967
 Varginha  ;3170701;28001
 Varjão de Minas  ;3170750;1795
 Várzea da Palma  ;3170800;6868
 Varzelândia  ;3170909;4783
 Vazante  ;3171006;4928
 Verdelândia  ;3171030;2103
 Veredinha  ;3171071;1181
 Veríssimo  ;3171105;538
 Vermelho Novo  ;3171154;1074
 Vespasiano  ;3171204;27680
 Viçosa  ;3171303;17043
 Vieiras  ;3171402;695
 Virgem da Lapa  ;3171600;2120
 Virgínia  ;3171709;1521
 Virginópolis  ;3171808;1975
 Virgolândia  ;3171907;915
 Visconde do Rio Branco  ;3172004;9105
 Volta Grande  ;3172103;874
 Wenceslau Braz  ;3172202;462
